{
  "Total" : {
    "transaction" : "Total",
    "sampleCount" : 30000,
    "errorCount" : 13690,
    "errorPct" : 45.633335,
    "meanResTime" : 2200.811766666672,
    "medianResTime" : 2438.0,
    "minResTime" : 17.0,
    "maxResTime" : 16603.0,
    "pct1ResTime" : 5154.0,
    "pct2ResTime" : 5910.0,
    "pct3ResTime" : 6441.0,
    "throughput" : 712.9785868764408,
    "receivedKBytesPerSec" : 839.2929090566105,
    "sentKBytesPerSec" : 60.566045583097655
  },
  "HTTP Request" : {
    "transaction" : "HTTP Request",
    "sampleCount" : 30000,
    "errorCount" : 13690,
    "errorPct" : 45.633335,
    "meanResTime" : 2200.811766666672,
    "medianResTime" : 2438.0,
    "minResTime" : 17.0,
    "maxResTime" : 16603.0,
    "pct1ResTime" : 5154.0,
    "pct2ResTime" : 5910.0,
    "pct3ResTime" : 6441.0,
    "throughput" : 712.9785868764408,
    "receivedKBytesPerSec" : 839.2929090566105,
    "sentKBytesPerSec" : 60.566045583097655
  }
}